{
  "HasAns_exact": 0.0,
  "HasAns_f1": 0.19450961444250292,
  "NoAns_exact": 0.0,
  "NoAns_f1": 0.0,
  "exact": 0.0,
  "f1": 0.08169403806585124,
  "bert_precision": 0.36321473121643066,
  "bert_recall": 0.3787584602832794,
  "bert_f1": 0.37034928798675537
}