{
  "exact_match": 0.06,
  "f1": 0.17863200688200684,
  "sp_exact_match": 0.0,
  "sp_f1": 0.0,
  "joint_exact_match": 0.0,
  "joint_f1": 0.08931600344100342,
  "bert_precision": 0.8208474516868591,
  "bert_recall": 0.8817631602287292,
  "bert_f1": 0.8497475981712341
}